{"case_00000": [5.990196078431373, 2.0, 2.0], "case_00001": [6.02, 2.0, 2.0], "case_00002": [3.0, 2.0, 2.0], "case_00003": [3.0, 2.0, 2.0], "case_00004": [0.7529411764705882, 2.0, 2.0], "case_00005": [6.0, 2.0, 2.0], "case_00006": [1.0, 2.0, 2.0], "case_00007": [1.0, 2.0, 2.0], "case_00008": [1.0, 2.0, 2.0], "case_00009": [1.0, 2.0, 2.0], "case_00010": [1.0, 2.0, 2.0], "case_00011": [0.6015037593984962, 2.0, 2.0], "case_00012": [0.6013513513513513, 2.0, 2.0], "case_00013": [1.0, 2.0, 2.0], "case_00014": [3.006849315068493, 2.0, 2.0], "case_00015": [1.0, 2.0, 2.0], "case_00016": [1.2027027027027026, 2.0, 2.0], "case_00017": [0.5987654320987654, 2.0, 2.0], "case_00018": [1.198019801980198, 2.0, 2.0], "case_00019": [0.8012422360248447, 2.0, 2.0], "case_00020": [0.6, 2.0, 2.0], "case_00021": [0.6031746031746031, 2.0, 2.0], "case_00022": [6.011111111111111, 2.0, 2.0], "case_00023": [1.0, 2.0, 2.0], "case_00024": [0.5985915492957746, 2.0, 2.0], "case_00025": [1.197674418604651, 2.0, 2.0], "case_00026": [1.1984126984126984, 2.0, 2.0], "case_00027": [6.025, 2.0, 2.0], "case_00028": [0.6012269938650306, 2.0, 2.0], "case_00029": [0.6009174311926605, 2.0, 2.0], "case_00030": [0.6031746031746031, 2.0, 2.0], "case_00031": [1.0, 2.0, 2.0], "case_00032": [1.1962025316455696, 2.0, 2.0], "case_00033": [3.0, 2.0, 2.0], "case_00034": [0.6010928961748634, 2.0, 2.0], "case_00035": [0.6012269938650306, 2.0, 2.0], "case_00036": [1.0, 2.0, 2.0], "case_00037": [0.5987654320987654, 2.0, 2.0], "case_00038": [0.6037735849056604, 2.0, 2.0], "case_00039": [0.6, 2.0, 2.0], "case_00040": [1.5, 2.0, 2.0], "case_00041": [1.0, 2.0, 2.0], "case_00042": [3.01, 2.0, 2.0], "case_00043": [1.0, 2.0, 2.0], "case_00044": [0.6011904761904762, 2.0, 2.0], "case_00045": [1.0, 2.0, 2.0], "case_00046": [1.0, 2.0, 2.0], "case_00047": [0.5991561181434599, 2.0, 2.0], "case_00048": [0.5985915492957746, 2.0, 2.0], "case_00049": [5.982142857142857, 2.0, 2.0], "case_00050": [1.2, 2.0, 2.0], "case_00051": [1.1929824561403508, 2.0, 2.0], "case_00052": [6.008928571428571, 2.0, 2.0], "case_00053": [6.010869565217392, 2.0, 2.0], "case_00054": [0.6011560693641619, 2.0, 2.0], "case_00055": [0.6011904761904762, 2.0, 2.0], "case_00056": [0.6, 2.0, 2.0], "case_00057": [1.0, 2.0, 2.0], "case_00058": [0.5988372093023255, 2.0, 2.0], "case_00059": [6.0, 2.0, 2.0], "case_00060": [1.0, 2.0, 2.0], "case_00061": [0.6041666666666666, 2.0, 2.0], "case_00062": [0.6013986013986014, 2.0, 2.0], "case_00063": [5.988636363636363, 2.0, 2.0], "case_00064": [0.6022727272727273, 2.0, 2.0], "case_00065": [1.197674418604651, 2.0, 2.0], "case_00066": [2.4054054054054053, 2.0, 2.0], "case_00067": [3.0, 2.0, 2.0], "case_00068": [6.019230769230769, 2.0, 2.0], "case_00069": [0.6, 2.0, 2.0], "case_00070": [0.6, 2.0, 2.0], "case_00071": [6.0, 2.0, 2.0], "case_00072": [1.197080291970803, 2.0, 2.0], "case_00073": [0.5991735537190083, 2.0, 2.0], "case_00074": [0.6015037593984962, 2.0, 2.0], "case_00075": [0.6, 2.0, 2.0], "case_00076": [0.6, 2.0, 2.0], "case_00077": [0.5986394557823129, 2.0, 2.0], "case_00078": [2.9908256880733943, 2.0, 2.0], "case_00079": [0.5990338164251208, 2.0, 2.0], "case_00080": [0.5986394557823129, 2.0, 2.0], "case_00081": [1.0, 2.0, 2.0], "case_00082": [1.0, 2.0, 2.0], "case_00083": [1.0, 2.0, 2.0], "case_00084": [1.4972677595628416, 2.0, 2.0], "case_00085": [0.6, 2.0, 2.0], "case_00086": [1.1987951807228916, 2.0, 2.0], "case_00087": [0.5975609756097561, 2.0, 2.0], "case_00088": [1.0, 2.0, 2.0], "case_00089": [0.5978260869565217, 2.0, 2.0], "case_00090": [1.0, 2.0, 2.0], "case_00091": [6.024590163934426, 2.0, 2.0], "case_00092": [0.6012269938650306, 2.0, 2.0], "case_00093": [6.00763358778626, 2.0, 2.0], "case_00094": [0.5972222222222222, 2.0, 2.0], "case_00095": [2.0, 2.0, 2.0], "case_00096": [5.991228070175438, 2.0, 2.0], "case_00097": [0.5985915492957746, 2.0, 2.0], "case_00098": [3.0, 2.0, 2.0], "case_00099": [0.6, 2.0, 2.0], "case_00100": [2.9936305732484074, 2.0, 2.0], "case_00101": [6.023529411764706, 2.0, 2.0], "case_00102": [3.0095238095238095, 2.0, 2.0], "case_00103": [5.990990990990991, 2.0, 2.0], "case_00104": [0.6, 2.0, 2.0], "case_00105": [1.0, 2.0, 2.0], "case_00106": [0.6, 2.0, 2.0], "case_00107": [0.6, 2.0, 2.0], "case_00108": [0.6, 2.0, 2.0], "case_00109": [1.2063492063492063, 2.0, 2.0], "case_00110": [0.5964912280701754, 2.0, 2.0], "case_00111": [1.2, 2.0, 2.0], "case_00112": [1.5066666666666666, 2.0, 2.0], "case_00113": [0.5972222222222222, 2.0, 2.0], "case_00114": [3.00990099009901, 2.0, 2.0], "case_00115": [6.018518518518518, 2.0, 2.0], "case_00116": [6.013888888888889, 2.0, 2.0], "case_00117": [1.1896551724137931, 2.0, 2.0], "case_00118": [6.008928571428571, 2.0, 2.0], "case_00119": [0.5986842105263158, 2.0, 2.0], "case_00120": [3.0, 2.0, 2.0], "case_00121": [0.5984848484848485, 2.0, 2.0], "case_00122": [0.6024096385542169, 2.0, 2.0], "case_00123": [2.4012345679012346, 2.0, 2.0], "case_00124": [1.201834862385321, 2.0, 2.0], "case_00125": [1.0, 2.0, 2.0], "case_00126": [0.601123595505618, 2.0, 2.0], "case_00127": [1.0, 2.0, 2.0], "case_00128": [1.197674418604651, 2.0, 2.0], "case_00129": [0.6, 2.0, 2.0], "case_00130": [1.0, 2.0, 2.0], "case_00131": [1.0, 2.0, 2.0], "case_00132": [5.977528089887641, 2.0, 2.0], "case_00133": [1.2, 2.0, 2.0], "case_00134": [1.0, 2.0, 2.0], "case_00135": [5.981132075471698, 2.0, 2.0], "case_00136": [0.6011904761904762, 2.0, 2.0], "case_00137": [1.1978021978021978, 2.0, 2.0], "case_00138": [1.0, 2.0, 2.0], "case_00139": [0.5988372093023255, 2.0, 2.0], "case_00140": [3.0, 2.0, 2.0], "case_00141": [5.989690721649485, 2.0, 2.0], "case_00142": [3.010989010989011, 2.0, 2.0], "case_00143": [0.6013071895424836, 2.0, 2.0], "case_00144": [1.201219512195122, 2.0, 2.0], "case_00145": [1.0, 2.0, 2.0], "case_00146": [6.030612244897959, 2.0, 2.0], "case_00147": [0.5982905982905983, 2.0, 2.0], "case_00148": [0.6, 2.0, 2.0], "case_00149": [1.0, 2.0, 2.0], "case_00150": [1.2045454545454546, 2.0, 2.0], "case_00151": [6.017045454545454, 2.0, 2.0], "case_00152": [0.6031746031746031, 2.0, 2.0], "case_00153": [1.0, 2.0, 2.0], "case_00154": [6.0256410256410255, 2.0, 2.0], "case_00155": [5.977777777777778, 2.0, 2.0], "case_00156": [6.0182926829268295, 2.0, 2.0], "case_00157": [6.021978021978022, 2.0, 2.0], "case_00158": [5.97457627118644, 2.0, 2.0], "case_00159": [5.991666666666666, 2.0, 2.0], "case_00160": [3.0, 2.0, 3.109375], "case_00161": [0.6020408163265306, 2.0, 2.0], "case_00162": [0.5987261146496815, 2.0, 2.0], "case_00163": [0.6, 2.0, 2.0], "case_00164": [0.5986394557823129, 2.0, 2.0], "case_00165": [2.9959183673469387, 2.0, 2.0], "case_00166": [1.0, 2.0, 2.0], "case_00167": [0.5988372093023255, 2.0, 2.0], "case_00168": [0.6014492753623188, 2.0, 2.0], "case_00169": [0.6011904761904762, 2.0, 2.0], "case_00170": [1.5, 2.0, 2.0], "case_00171": [0.6009174311926605, 2.0, 2.0], "case_00172": [0.5986842105263158, 2.0, 2.0], "case_00173": [0.5987654320987654, 2.0, 2.0], "case_00174": [1.0, 2.0, 2.0], "case_00175": [0.601123595505618, 2.0, 2.0], "case_00176": [0.6, 2.0, 2.0], "case_00177": [0.5986394557823129, 2.0, 2.0], "case_00178": [0.5986394557823129, 2.0, 2.0], "case_00179": [0.6, 2.0, 2.0], "case_00180": [1.0, 2.0, 2.0], "case_00181": [0.6, 2.0, 2.0], "case_00182": [0.6, 2.0, 2.0], "case_00183": [1.989795918367347, 2.0, 2.0], "case_00184": [0.6008230452674898, 2.0, 2.0], "case_00185": [1.1989795918367347, 2.0, 2.0], "case_00186": [0.6008403361344538, 2.0, 2.0], "case_00187": [0.5985401459854015, 2.0, 2.0], "case_00188": [2.9918032786885247, 2.0, 2.0], "case_00189": [0.6008230452674898, 2.0, 2.0], "case_00190": [1.0, 2.0, 2.0], "case_00191": [2.406896551724138, 2.0, 2.0], "case_00192": [0.5990990990990991, 2.0, 2.0], "case_00193": [2.402061855670103, 2.0, 2.0], "case_00194": [0.6, 2.0, 2.0], "case_00195": [0.6012269938650306, 2.0, 2.0], "case_00196": [1.0, 2.0, 2.0], "case_00197": [1.0, 2.0, 2.0], "case_00198": [1.2008928571428572, 2.0, 2.0], "case_00199": [1.198019801980198, 2.0, 2.0],